<?xml version="1.0" encoding="utf-8"?>
<modification>
  <name>301 redirect for Opencart 3.0.x</name>
  <code>301redirect</code>
  <version>0.1.2-Beta</version>
  <author>Tarcisio Ruas</author>
  <link>http://www.digitaldev.com.br</link>

  <!-- Admin panel menu setting -->
  <file path="admin/language/*/common/column_left.php">
    <operation>
      <search><![CDATA[<?php]]></search>
      <add position="after"><![CDATA[
        $_['text_seo']     = 'SEO';
        $_['text_seo_301redirect']    = '301 Redirect';
      ]]></add>
    </operation>
  </file>

  <file path="admin/controller/common/column_left.php">
    <operation>
      <search><![CDATA[// Extension]]></search>
      <add position="before"><![CDATA[
      $seo = [];

      if ($this->user->hasPermission('access', 'extension/extension/module') && $this->config->get('module_301redirect_status')) {
        $redirect301[] = [
          'name'     => $this->language->get('text_seo_301redirect'),
          'href'     => $this->url->link('extension/module/301redirect', 'user_token=' . $this->session->data['user_token'], true),
          'children' => []
        ];
      }

      if (isset($redirect301)) {
        $data['menus'][] = array(
          'id'       => 'menu-seo',
          'icon'	   => 'fa-search',
          'name'	   => $this->language->get('text_seo'),
          'href'     => '',
          'children' => $redirect301
        );
      }
      ]]></add>
    </operation>
  </file>

  <file path="catalog/controller/startup/seo_url.php">
    <operation>
      <search><![CDATA[public function index() {]]></search>
      <add position="before"><![CDATA[
    private function redirect301($parts)
    {
        $boRedirect = false;
        $this->load->model('extension/seo/301redirect');
		
        foreach($parts AS $key => $part) {
            $redirect_info = $this->model_extension_seo_301redirect->getRedirectByOrigin($part);
            if ($redirect_info) {
                $boRedirect = true;
                $parts[$key] =  $redirect_info['url_to'];
            }	
        }

        if ($boRedirect) {
            $link = $this->config->get('config_url');
            $ssl = $this->config->get('config_ssl');

            if ($ssl) {
                $link = $ssl;
            }

            $url_info = parse_url(str_replace('&amp;', '&', $link));
			
            $port = isset($url_info['port']) ? ':' . $url_info['port'] : '';  
            $url = $url_info['scheme'] . '://' . $url_info['host'] . $port . '/' . implode('/', $parts);
            $this->response->redirect($url, 301);
        }
    }
    ]]></add>
    </operation>
  </file>

  <file path="catalog/controller/startup/seo_url.php">
    <operation>
      <search><![CDATA[foreach ($parts as $part) {]]></search>
      <add position="before"><![CDATA[
            if ($this->config->get('module_301redirect_status')) {
                $this->redirect301($parts);
            }
      ]]></add>
    </operation>
  </file>

  <file path="admin/model/catalog/product.php">
    <operation>
      <search><![CDATA[public function editProduct($product_id, $data) {]]></search>
      <add position="after"><![CDATA[
    //Verifing Seo Redirect
		if (isset($data['product_seo_url']) && $this->config->get('module_301redirect_status')) {
			foreach ($data['product_seo_url'] AS $store_id => $language) {
				foreach($language AS $language_id => $keyword) {
					$query_keyword = $this->db->query("SELECT keyword FROM " . DB_PREFIX . "seo_url WHERE query='product_id=" . (int)$product_id . "' AND store_id='" . $store_id . "' AND language_id='" . $language_id . "'");
					if ($query_keyword->row && $query_keyword->row['keyword'] != $keyword) {
						$this->db->query("UPDATE " . DB_PREFIX . "301redirect SET url_to='" . $this->db->escape($keyword) . "' WHERE url_to='" . $query_keyword->row['keyword'] . "'");
						$this->db->query("INSERT INTO " . DB_PREFIX . "301redirect SET url_from='" . $query_keyword->row['keyword'] . "', url_to='" . $this->db->escape($keyword) . "'");
						$this->db->query("DELETE FROM " . DB_PREFIX . "301redirect WHERE url_to = url_from");
					}
				}
			}
		}
    ]]></add>
    </operation>
  </file>

  <file path="admin/model/catalog/category.php">
    <operation>
      <search><![CDATA[public function editCategory($category_id, $data) {]]></search>
      <add position="after"><![CDATA[
    //Verifing Seo Redirect
		if (isset($data['category_seo_url']) && $this->config->get('module_301redirect_status')) {
			foreach ($data['category_seo_url'] AS $store_id => $language) {
				foreach($language AS $language_id => $keyword) {
					$query_keyword = $this->db->query("SELECT keyword FROM " . DB_PREFIX . "seo_url WHERE query='category_id=" . (int)$category_id . "' AND store_id='" . $store_id . "' AND language_id='" . $language_id . "'");
					if ($query_keyword->row && $query_keyword->row['keyword'] != $keyword) {
						$this->db->query("UPDATE " . DB_PREFIX . "301redirect SET url_to='" . $this->db->escape($keyword) . "' WHERE url_to='" . $query_keyword->row['keyword'] . "'");
						$this->db->query("INSERT INTO " . DB_PREFIX . "301redirect SET url_from='" . $query_keyword->row['keyword'] . "', url_to='" . $this->db->escape($keyword) . "'");
						$this->db->query("DELETE FROM " . DB_PREFIX . "301redirect WHERE url_to = url_from");
					}
				}
			}
		}
    ]]></add>
    </operation>
  </file>

  <file path="admin/model/catalog/manufacturer.php">
    <operation>
      <search><![CDATA[public function editManufacturer($manufacturer_id, $data) {]]></search>
      <add position="after"><![CDATA[
    //Verifing Seo Redirect
		if (isset($data['manufacturer_seo_url']) && $this->config->get('module_301redirect_status')) {
			foreach ($data['manufacturer_seo_url'] AS $store_id => $language) {
				foreach($language AS $language_id => $keyword) {
					$query_keyword = $this->db->query("SELECT keyword FROM " . DB_PREFIX . "seo_url WHERE query='manufacturer_id=" . (int)$manufacturer_id . "' AND store_id='" . $store_id . "' AND language_id='" . $language_id . "'");
					if ($query_keyword->row && $query_keyword->row['keyword'] != $keyword) {
						$this->db->query("UPDATE " . DB_PREFIX . "301redirect SET url_to='" . $this->db->escape($keyword) . "' WHERE url_to='" . $query_keyword->row['keyword'] . "'");
						$this->db->query("INSERT INTO " . DB_PREFIX . "301redirect SET url_from='" . $query_keyword->row['keyword'] . "', url_to='" . $this->db->escape($keyword) . "'");
						$this->db->query("DELETE FROM " . DB_PREFIX . "301redirect WHERE url_to = url_from");
					}
				}
			}
		}
    ]]></add>
    </operation>
  </file>

  <file path="admin/model/catalog/information.php">
    <operation>
      <search><![CDATA[public function editInformation($information_id, $data) {]]></search>
      <add position="after"><![CDATA[
    //Verifing Seo Redirect
		if (isset($data['information_seo_url']) && $this->config->get('module_301redirect_status')) {
			foreach ($data['information_seo_url'] AS $store_id => $language) {
				foreach($language AS $language_id => $keyword) {
					$query_keyword = $this->db->query("SELECT keyword FROM " . DB_PREFIX . "seo_url WHERE query='information_id=" . (int)$information_id . "' AND store_id='" . $store_id . "' AND language_id='" . $language_id . "'");
					if ($query_keyword->row && $query_keyword->row['keyword'] != $keyword) {
						$this->db->query("UPDATE " . DB_PREFIX . "301redirect SET url_to='" . $this->db->escape($keyword) . "' WHERE url_to='" . $query_keyword->row['keyword'] . "'");
						$this->db->query("INSERT INTO " . DB_PREFIX . "301redirect SET url_from='" . $query_keyword->row['keyword'] . "', url_to='" . $this->db->escape($keyword) . "'");
						$this->db->query("DELETE FROM " . DB_PREFIX . "301redirect WHERE url_to = url_from");
					}
				}
			}
		}
    ]]></add>
    </operation>
  </file>




</modification>
